{"Position":{"x":12.075892448425293,"y":0.2799999713897705,"z":-2.919203758239746},"ID":23000,"Health":100.0,"BoxPositions":{"Positions":[]}}